{"train_loss": 0.04204, "train_accuracy": 0.98717, "_timestamp": 1709479788.3053255, "_runtime": 7.161970615386963, "_step": 30, "fine_tuned_model": "ft:gpt-3.5-turbo-0125:kifabrik-mirmi:kios-ut-gen-v1:8yhtwL2A", "train_data": {"_type": "table-file", "sha256": "80f7369497bd53a29f9027680db1054d83d8e29f1976df341ea17d26852d9d41", "size": 659184, "path": "media/table/train_data_30_80f7369497bd53a29f90.table.json", "ncols": 3, "nrows": 60}, "_wandb": {"runtime": 11}}