{"train_loss": 0.0, "train_accuracy": 1.0, "_timestamp": 1709477673.639342, "_runtime": 6.962782144546509, "_step": 100, "fine_tuned_model": "ft:gpt-3.5-turbo-0125:kifabrik-mirmi::8y1cXwVw", "train_data": {"_type": "table-file", "sha256": "8264d7298a2b7cbb081e336c2dac00a1e281a5e9036e648e629b929dc967597f", "size": 118530, "path": "media/table/train_data_100_8264d7298a2b7cbb081e.table.json", "ncols": 3, "nrows": 10}, "_wandb": {"runtime": 10}}