{"train_loss": 0.88492, "train_accuracy": 0.8, "_timestamp": 1713085222.5063865, "_runtime": 7.23486852645874, "_step": 18, "fine_tuned_model": "ft:gpt-3.5-turbo-0125:kifabrik-mirmi:kios-onestep-v1:9DprEvbP", "train_data": {"_type": "table-file", "sha256": "f10375f24d8f39ad80383d60295bef71e739c3de79b935c3bde4e14cbc2b1be5", "size": 243613, "path": "media/table/train_data_18_f10375f24d8f39ad8038.table.json", "ncols": 3, "nrows": 18}, "_wandb": {"runtime": 10}}